{ "height":16,
 "infinite":false,
 "layers":[
        {
         "data":[0, 0, 0, 0, 0, 0, 0, 0, 0, 4, 4, 4, 4, 4, 4, 4, 4, 4, 4, 4, 4, 4, 4, 4, 4, 4, 4, 4, 4, 4, 4, 4, 4, 4, 4, 4, 4, 4, 4, 4, 4, 4, 4, 4, 4, 4, 4, 4, 4, 4, 4, 4, 4, 4, 4, 4, 4, 4, 4, 4, 4, 4, 4, 4, 0, 0, 0, 0, 0, 0, 0, 0, 0, 0, 0, 0, 0, 0, 0, 0, 0, 0, 0, 0, 0, 0, 0, 0, 0, 0, 0, 0, 0, 0, 0, 0, 0, 0, 0, 0, 0, 0, 0, 0, 0, 4, 4, 4, 4, 4, 4, 4, 4, 4, 4, 4, 4, 4, 4, 4, 4, 4, 0, 0, 0, 0, 0, 0, 0, 0, 0, 0, 4, 4, 4, 4, 4, 4, 4, 4, 4, 4, 4, 4, 4, 4, 4, 4, 4, 4, 4, 4, 4, 4, 4, 4, 4, 4, 4, 4, 0, 0, 0, 0, 0, 0, 0, 0, 0, 0, 0, 0, 0, 0, 0, 0, 0, 0, 0, 0, 0, 0, 0, 0, 0, 0, 0, 0, 0, 0, 0, 0, 0, 0, 0, 0, 0, 0, 0, 0, 0, 4, 4, 4, 4, 4, 4, 4, 4, 4, 4, 4, 4, 4, 4, 0, 0, 0, 0, 0, 0, 0, 0, 0, 0, 0, 0, 0, 0, 0, 4, 4, 4, 4, 4, 4, 0, 0, 4, 4, 4, 4, 4, 4, 4, 4, 4, 4, 4, 4, 4, 4, 4, 4, 4, 4, 0, 0, 0, 0, 0, 0, 0, 4, 4, 4, 4, 4, 4, 4, 4, 0, 0, 0, 0, 0, 0, 0, 0, 0, 0, 0, 0, 0, 0, 0, 0, 0, 0, 0, 0, 0, 0, 0, 0, 0, 0, 4, 4, 4, 4, 4, 4, 4, 4, 4, 4, 4, 4, 0, 0, 0, 0, 0, 0, 0, 0, 0, 0, 0, 0, 0, 0, 0, 0, 0, 0, 4, 4, 4, 4, 0, 0, 0, 0, 0, 0, 4, 4, 4, 4, 4, 0, 0, 0, 0, 4, 4, 4, 4, 4, 4, 0, 0, 0, 0, 0, 0, 0, 0, 0, 0, 0, 0, 0, 0, 0, 0, 0, 0, 0, 0, 0, 0, 0, 0, 0, 0, 0, 0, 0, 0, 0, 0, 0, 0, 0, 0, 0, 0, 0, 0, 0, 0, 4, 4, 4, 4, 4, 4, 4, 4, 4, 0, 0, 0, 0, 0, 0, 0, 0, 0, 0, 0, 0, 0, 0, 0, 0, 0, 0, 0, 0, 0, 4, 4, 0, 0, 0, 0, 0, 0, 0, 0, 0, 4, 4, 0, 0, 0, 0, 0, 0, 4, 4, 4, 0, 0, 0, 0, 0, 0, 0, 0, 0, 0, 0, 0, 0, 0, 0, 0, 0, 0, 0, 0, 0, 0, 0, 0, 0, 0, 0, 0, 0, 0, 0, 0, 0, 0, 0, 0, 0, 0, 0, 0, 0, 0, 0, 0, 0, 4, 4, 4, 4, 4, 4, 4, 0, 0, 0, 0, 0, 0, 0, 0, 0, 0, 0, 0, 3, 0, 0, 0, 0, 0, 0, 0, 0, 0, 4, 0, 0, 0, 0, 0, 0, 0, 0, 0, 0, 0, 0, 0, 0, 0, 0, 0, 0, 0, 0, 0, 0, 0, 0, 3, 0, 0, 0, 0, 0, 0, 0, 0, 0, 0, 0, 0, 0, 0, 0, 0, 0, 0, 0, 0, 0, 0, 0, 0, 0, 0, 0, 0, 0, 0, 0, 0, 0, 0, 0, 0, 0, 0, 0, 0, 0, 0, 4, 4, 4, 4, 0, 0, 0, 0, 0, 0, 0, 0, 0, 0, 0, 0, 0, 0, 0, 0, 0, 0, 0, 0, 0, 0, 0, 0, 0, 0, 0, 0, 0, 0, 0, 0, 0, 0, 0, 0, 0, 0, 0, 0, 0, 0, 0, 0, 0, 0, 0, 0, 0, 0, 0, 0, 0, 0, 0, 0, 0, 0, 0, 0, 0, 0, 0, 0, 0, 0, 0, 0, 0, 0, 0, 0, 0, 0, 0, 0, 0, 0, 0, 0, 0, 0, 0, 0, 0, 0, 0, 0, 0, 0, 0, 0, 0, 4, 4, 4, 0, 0, 0, 0, 0, 0, 0, 0, 0, 0, 3, 0, 0, 0, 0, 0, 0, 0, 0, 0, 0, 0, 0, 0, 0, 0, 0, 0, 0, 0, 0, 0, 0, 0, 0, 0, 0, 0, 0, 0, 0, 0, 0, 0, 0, 0, 0, 0, 0, 0, 0, 0, 0, 0, 0, 0, 0, 0, 0, 0, 0, 0, 0, 0, 0, 0, 0, 0, 0, 0, 0, 0, 0, 0, 0, 0, 0, 0, 0, 0, 0, 0, 0, 0, 0, 0, 0, 0, 0, 0, 0, 0, 0, 0, 0, 0, 0, 0, 0, 0, 0, 0, 0, 3, 0, 0, 0, 0, 0, 0, 0, 0, 0, 0, 0, 0, 0, 0, 0, 0, 0, 0, 0, 0, 0, 0, 0, 0, 0, 0, 0, 0, 0, 0, 0, 0, 0, 0, 0, 0, 0, 0, 0, 0, 0, 0, 0, 0, 0, 3, 0, 0, 0, 0, 0, 0, 0, 0, 0, 0, 0, 0, 0, 0, 0, 0, 0, 0, 0, 0, 0, 0, 0, 0, 0, 0, 0, 0, 0, 0, 0, 0, 0, 0, 0, 0, 0, 0, 0, 0, 0, 0, 0, 0, 0, 0, 0, 0, 0, 0, 0, 0, 0, 0, 0, 0, 0, 0, 0, 0, 0, 0, 0, 0, 0, 0, 0, 0, 0, 0, 0, 0, 0, 3, 3, 0, 0, 0, 0, 0, 0, 0, 3, 0, 0, 0, 0, 3, 0, 0, 0, 0, 0, 0, 0, 0, 0, 0, 0, 0, 0, 0, 0, 0, 0, 0, 0, 0, 0, 0, 0, 0, 0, 0, 0, 0, 0, 0, 0, 0, 0, 0, 0, 0, 0, 0, 0, 0, 0, 0, 0, 0, 0, 0, 0, 0, 0, 0, 0, 0, 0, 0, 0, 0, 0, 0, 0, 0, 0, 0, 0, 0, 0, 0, 0, 0, 0, 0, 0, 0, 0, 0, 0, 0, 0, 0, 0, 0, 0, 0, 0, 0, 0, 0, 0, 0, 0, 0, 0, 0, 0, 0, 0, 0, 0, 0, 0, 0, 0, 0, 0, 0, 0, 0, 0, 0, 0, 0, 0, 0, 0, 0, 0, 0, 0, 0, 0, 0, 0, 0, 0, 0, 4, 4, 4, 4, 4, 4, 0, 0, 0, 0, 0, 0, 0, 0, 0, 0, 0, 0, 0, 0, 0, 0, 0, 3, 3, 3, 3, 0, 0, 0, 0, 0, 0, 0, 0, 0, 0, 0, 0, 0, 0, 0, 0, 0, 0, 0, 0, 0, 3, 0, 0, 0, 0, 0, 0, 0, 0, 0, 0, 0, 0, 0, 0, 0, 0, 0, 0, 0, 0, 0, 0, 0, 0, 0, 3, 0, 0, 0, 0, 0, 0, 0, 0, 0, 0, 0, 0, 0, 0, 0, 0, 0, 0, 0, 0, 0, 4, 1, 1, 1, 1, 1, 0, 0, 0, 0, 0, 0, 0, 0, 0, 0, 0, 0, 0, 0, 0, 0, 0, 0, 0, 0, 0, 0, 0, 0, 0, 0, 0, 0, 0, 0, 0, 0, 0, 0, 0, 0, 0, 0, 0, 0, 0, 0, 0, 0, 0, 0, 0, 0, 0, 0, 0, 0, 0, 3, 0, 0, 0, 0, 0, 0, 0, 0, 0, 0, 0, 0, 0, 0, 0, 0, 0, 0, 0, 0, 0, 0, 0, 0, 0, 0, 0, 0, 0, 0, 0, 4, 0, 0, 0, 0, 4, 1, 1, 1, 1, 1, 3, 3, 3, 3, 3, 3, 3, 3, 0, 0, 0, 0, 0, 3, 1, 1, 1, 1, 1, 1, 1, 1, 1, 1, 1, 1, 1, 1, 1, 1, 1, 1, 1, 1, 1, 1, 1, 3, 0, 0, 0, 0, 0, 0, 0, 0, 0, 0, 0, 0, 3, 0, 0, 0, 0, 0, 0, 0, 0, 0, 0, 0, 0, 0, 0, 0, 0, 0, 0, 0, 0, 0, 0, 0, 0, 0, 0, 0, 0, 0, 0, 0, 0, 0, 0, 0, 0, 0, 0, 0, 4, 1, 1, 1, 1, 1, 3, 3, 3, 3, 3, 3, 3, 3, 2, 2, 2, 2, 2, 3, 1, 1, 1, 1, 1, 1, 1, 1, 1, 1, 1, 1, 1, 1, 1, 1, 1, 1, 1, 1, 1, 1, 1, 3, 2, 2, 2, 2, 2, 2, 2, 2, 2, 2, 2, 2, 2, 2, 2, 2, 2, 2, 2, 2, 2, 2, 2, 2, 2, 2, 3, 1, 1, 1, 1, 1, 1, 1, 1, 1, 1, 1, 1, 1, 1, 1, 1, 1, 1, 1, 1, 1, 1, 4, 1, 1, 1, 1, 1, 1, 1, 1, 3, 3, 3, 3, 3, 3, 3, 3, 2, 2, 2, 2, 2, 3, 1, 1, 1, 1, 1, 1, 1, 1, 1, 1, 1, 1, 1, 1, 1, 1, 1, 1, 1, 1, 1, 1, 1, 3, 2, 2, 2, 2, 2, 2, 2, 2, 2, 2, 2, 2, 2, 2, 2, 2, 2, 2, 2, 2, 2, 2, 2, 2, 2, 2, 3, 1, 1, 1, 1, 1, 1, 1, 1, 1, 1, 1, 1, 1, 1, 1, 1, 1, 1, 1, 1, 1, 1, 1, 1, 1, 1, 1, 1, 1, 1, 1],
         "height":16,
         "id":1,
         "name":"tiles",
         "opacity":1,
         "type":"tilelayer",
         "visible":true,
         "width":96,
         "x":0,
         "y":0
        }, 
        {
         "draworder":"topdown",
         "id":2,
         "name":"items",
         "objects":[
                {
                 "height":64,
                 "id":2,
                 "name":"player",
                 "rotation":0,
                 "type":"",
                 "visible":true,
                 "width":64,
                 "x":64,
                 "y":96
                }, 
                {
                 "height":64,
                 "id":3,
                 "name":"enemy",
                 "rotation":0,
                 "type":"",
                 "visible":true,
                 "width":64,
                 "x":2912,
                 "y":192
                }, 
                {
                 "gid":8,
                 "height":32,
                 "id":4,
                 "name":"goal",
                 "rotation":0,
                 "type":"",
                 "visible":true,
                 "width":32,
                 "x":3008,
                 "y":320
                }, 
                {
                 "gid":7,
                 "height":32,
                 "id":5,
                 "name":"hazard1",
                 "rotation":0,
                 "type":"",
                 "visible":true,
                 "width":32,
                 "x":1472,
                 "y":128
                }, 
                {
                 "gid":7,
                 "height":32,
                 "id":6,
                 "name":"hazard1",
                 "rotation":0,
                 "type":"",
                 "visible":true,
                 "width":32,
                 "x":1504,
                 "y":128
                }, 
                {
                 "gid":7,
                 "height":32,
                 "id":7,
                 "name":"hazard1",
                 "rotation":0,
                 "type":"",
                 "visible":true,
                 "width":32,
                 "x":1536,
                 "y":128
                }, 
                {
                 "gid":6,
                 "height":32,
                 "id":8,
                 "name":"hazard2",
                 "rotation":0,
                 "type":"",
                 "visible":true,
                 "width":32,
                 "x":1696,
                 "y":384
                }, 
                {
                 "height":64,
                 "id":9,
                 "name":"enemy",
                 "rotation":0,
                 "type":"",
                 "visible":true,
                 "width":64,
                 "x":2464,
                 "y":0
                }, 
                {
                 "gid":7,
                 "height":32,
                 "id":10,
                 "name":"hazard1",
                 "rotation":0,
                 "type":"",
                 "visible":true,
                 "width":32,
                 "x":1280,
                 "y":224
                }, 
                {
                 "gid":7,
                 "height":32,
                 "id":11,
                 "name":"hazard1",
                 "rotation":0,
                 "type":"",
                 "visible":true,
                 "width":32,
                 "x":1312,
                 "y":192
                }, 
                {
                 "gid":7,
                 "height":32,
                 "id":12,
                 "name":"hazard1",
                 "rotation":0,
                 "type":"",
                 "visible":true,
                 "width":32,
                 "x":1344,
                 "y":160
                }, 
                {
                 "gid":7,
                 "height":32,
                 "id":13,
                 "name":"hazard1",
                 "rotation":0,
                 "type":"",
                 "visible":true,
                 "width":32,
                 "x":1376,
                 "y":128
                }, 
                {
                 "gid":7,
                 "height":32,
                 "id":14,
                 "name":"hazard1",
                 "rotation":0,
                 "type":"",
                 "visible":true,
                 "width":32,
                 "x":1248,
                 "y":160
                }, 
                {
                 "gid":7,
                 "height":32,
                 "id":15,
                 "name":"hazard1",
                 "rotation":0,
                 "type":"",
                 "visible":true,
                 "width":32,
                 "x":1216,
                 "y":128
                }, 
                {
                 "gid":7,
                 "height":32,
                 "id":16,
                 "name":"hazard1",
                 "rotation":0,
                 "type":"",
                 "visible":true,
                 "width":32,
                 "x":1184,
                 "y":96
                }, 
                {
                 "gid":7,
                 "height":32,
                 "id":17,
                 "name":"hazard1",
                 "rotation":0,
                 "type":"",
                 "visible":true,
                 "width":32,
                 "x":1152,
                 "y":96
                }, 
                {
                 "gid":7,
                 "height":32,
                 "id":18,
                 "name":"hazard1",
                 "rotation":0,
                 "type":"",
                 "visible":true,
                 "width":32,
                 "x":1408,
                 "y":96
                }, 
                {
                 "gid":7,
                 "height":32,
                 "id":19,
                 "name":"hazard1",
                 "rotation":0,
                 "type":"",
                 "visible":true,
                 "width":32,
                 "x":1440,
                 "y":96
                }, 
                {
                 "gid":7,
                 "height":32,
                 "id":20,
                 "name":"hazard1",
                 "rotation":0,
                 "type":"",
                 "visible":true,
                 "width":32,
                 "x":1632,
                 "y":192
                }, 
                {
                 "gid":7,
                 "height":32,
                 "id":21,
                 "name":"hazard1",
                 "rotation":0,
                 "type":"",
                 "visible":true,
                 "width":32,
                 "x":1664,
                 "y":192
                }, 
                {
                 "gid":6,
                 "height":32,
                 "id":22,
                 "name":"hazard2",
                 "rotation":0,
                 "type":"",
                 "visible":true,
                 "width":32,
                 "x":2400,
                 "y":64
                }, 
                {
                 "gid":6,
                 "height":32,
                 "id":23,
                 "name":"hazard2",
                 "rotation":0,
                 "type":"",
                 "visible":true,
                 "width":32,
                 "x":2368,
                 "y":64
                }, 
                {
                 "gid":6,
                 "height":32,
                 "id":24,
                 "name":"hazard2",
                 "rotation":0,
                 "type":"",
                 "visible":true,
                 "width":32,
                 "x":2336,
                 "y":64
                }, 
                {
                 "gid":5,
                 "height":32,
                 "id":34,
                 "name":"collect",
                 "rotation":0,
                 "type":"",
                 "visible":true,
                 "width":32,
                 "x":224,
                 "y":416
                }, 
                {
                 "gid":5,
                 "height":32,
                 "id":36,
                 "name":"collect",
                 "rotation":0,
                 "type":"",
                 "visible":true,
                 "width":32,
                 "x":160,
                 "y":416
                }, 
                {
                 "gid":5,
                 "height":32,
                 "id":38,
                 "name":"collect",
                 "rotation":0,
                 "type":"",
                 "visible":true,
                 "width":32,
                 "x":576,
                 "y":352
                }, 
                {
                 "gid":5,
                 "height":32,
                 "id":39,
                 "name":"collect",
                 "rotation":0,
                 "type":"",
                 "visible":true,
                 "width":32,
                 "x":640,
                 "y":352
                }, 
                {
                 "gid":5,
                 "height":32,
                 "id":40,
                 "name":"collect",
                 "rotation":0,
                 "type":"",
                 "visible":true,
                 "width":32,
                 "x":832,
                 "y":224
                }, 
                {
                 "gid":5,
                 "height":32,
                 "id":41,
                 "name":"collect",
                 "rotation":0,
                 "type":"",
                 "visible":true,
                 "width":32,
                 "x":1344,
                 "y":352
                }, 
                {
                 "gid":5,
                 "height":32,
                 "id":42,
                 "name":"collect",
                 "rotation":0,
                 "type":"",
                 "visible":true,
                 "width":32,
                 "x":1792,
                 "y":128
                }, 
                {
                 "gid":5,
                 "height":32,
                 "id":43,
                 "name":"collect",
                 "rotation":0,
                 "type":"",
                 "visible":true,
                 "width":32,
                 "x":2080,
                 "y":32
                }, 
                {
                 "gid":5,
                 "height":32,
                 "id":44,
                 "name":"collect",
                 "rotation":0,
                 "type":"",
                 "visible":true,
                 "width":32,
                 "x":2656,
                 "y":160
                }, 
                {
                 "gid":5,
                 "height":32,
                 "id":45,
                 "name":"collect",
                 "rotation":0,
                 "type":"",
                 "visible":true,
                 "width":32,
                 "x":2720,
                 "y":256
                }, 
                {
                 "gid":5,
                 "height":32,
                 "id":46,
                 "name":"collect",
                 "rotation":0,
                 "type":"",
                 "visible":true,
                 "width":32,
                 "x":2720,
                 "y":352
                }, 
                {
                 "gid":5,
                 "height":32,
                 "id":47,
                 "name":"collect",
                 "rotation":0,
                 "type":"",
                 "visible":true,
                 "width":32,
                 "x":3008,
                 "y":192
                }, 
                {
                 "gid":5,
                 "height":32,
                 "id":48,
                 "name":"collect",
                 "rotation":0,
                 "type":"",
                 "visible":true,
                 "width":32,
                 "x":2784,
                 "y":448
                }, 
                {
                 "gid":5,
                 "height":32,
                 "id":49,
                 "name":"collect",
                 "rotation":0,
                 "type":"",
                 "visible":true,
                 "width":32,
                 "x":1088,
                 "y":96
                }, 
                {
                 "gid":5,
                 "height":32,
                 "id":50,
                 "name":"collect",
                 "rotation":0,
                 "type":"",
                 "visible":true,
                 "width":32,
                 "x":736,
                 "y":96
                }, 
                {
                 "gid":3,
                 "height":32,
                 "id":55,
                 "name":"fall",
                 "rotation":0,
                 "type":"",
                 "visible":true,
                 "width":32,
                 "x":768,
                 "y":416
                }, 
                {
                 "gid":3,
                 "height":32,
                 "id":57,
                 "name":"fall",
                 "rotation":0,
                 "type":"",
                 "visible":true,
                 "width":32,
                 "x":1088,
                 "y":448
                }, 
                {
                 "gid":3,
                 "height":32,
                 "id":60,
                 "name":"fall",
                 "rotation":0,
                 "type":"",
                 "visible":true,
                 "width":32,
                 "x":992,
                 "y":448
                }, 
                {
                 "gid":3,
                 "height":32,
                 "id":61,
                 "name":"fall",
                 "rotation":0,
                 "type":"",
                 "visible":true,
                 "width":32,
                 "x":2432,
                 "y":352
                }, 
                {
                 "gid":3,
                 "height":32,
                 "id":62,
                 "name":"fall",
                 "rotation":0,
                 "type":"",
                 "visible":true,
                 "width":32,
                 "x":2464,
                 "y":352
                }, 
                {
                 "gid":3,
                 "height":32,
                 "id":64,
                 "name":"fall",
                 "rotation":0,
                 "type":"",
                 "visible":true,
                 "width":32,
                 "x":1504,
                 "y":480
                }, 
                {
                 "gid":5,
                 "height":32,
                 "id":65,
                 "name":"collect",
                 "rotation":0,
                 "type":"",
                 "visible":true,
                 "width":32,
                 "x":1504,
                 "y":448
                }, 
                {
                 "gid":5,
                 "height":32,
                 "id":66,
                 "name":"collect",
                 "rotation":0,
                 "type":"",
                 "visible":true,
                 "width":32,
                 "x":768,
                 "y":384
                }, 
                {
                 "gid":5,
                 "height":32,
                 "id":67,
                 "name":"collect",
                 "rotation":0,
                 "type":"",
                 "visible":true,
                 "width":32,
                 "x":992,
                 "y":416
                }, 
                {
                 "gid":5,
                 "height":32,
                 "id":69,
                 "name":"collect",
                 "rotation":0,
                 "type":"",
                 "visible":true,
                 "width":32,
                 "x":2464,
                 "y":224
                }, 
                {
                 "gid":5,
                 "height":32,
                 "id":70,
                 "name":"collect",
                 "rotation":0,
                 "type":"",
                 "visible":true,
                 "width":32,
                 "x":2336,
                 "y":224
                }, 
                {
                 "gid":6,
                 "height":32,
                 "id":71,
                 "name":"hazard2",
                 "rotation":0,
                 "type":"",
                 "visible":true,
                 "width":32,
                 "x":1536,
                 "y":288
                }],
         "opacity":1,
         "type":"objectgroup",
         "visible":true,
         "x":0,
         "y":0
        }],
 "nextlayerid":3,
 "nextobjectid":72,
 "orientation":"orthogonal",
 "renderorder":"left-up",
 "tiledversion":"1.2.4",
 "tileheight":32,
 "tilesets":[
        {
         "columns":2,
         "firstgid":1,
         "image":"tiles.png",
         "imageheight":64,
         "imagewidth":64,
         "margin":0,
         "name":"tiles",
         "spacing":0,
         "tilecount":4,
         "tileheight":32,
         "tiles":[
                {
                 "id":2,
                 "properties":[
                        {
                         "name":"terrain",
                         "type":"string",
                         "value":"block"
                        }]
                }, 
                {
                 "id":3,
                 "properties":[
                        {
                         "name":"terrain",
                         "type":"string",
                         "value":"block"
                        }]
                }],
         "tilewidth":32,
         "transparentcolor":"#070803"
        }, 
        {
         "columns":4,
         "firstgid":5,
         "image":"items.png",
         "imageheight":32,
         "imagewidth":128,
         "margin":0,
         "name":"items",
         "spacing":0,
         "tilecount":4,
         "tileheight":32,
         "tilewidth":32
        }],
 "tilewidth":32,
 "type":"map",
 "version":1.2,
 "width":96
}